{"accuracy": [0.6009588241577148, 0.8607744574546814, 0.9144474864006042, 0.9387589693069458, 0.9552606344223022, 0.9639097452163696, 0.9719187617301941, 0.9759161472320557, 0.9801837801933289, 0.9824172258377075], "loss": [1.3545082807540894, 0.43949493765830994, 0.2651650607585907, 0.18629442155361176, 0.13733310997486115, 0.1087869182229042, 0.0860089436173439, 0.07579933106899261, 0.06145890802145004, 0.05471326410770416], "val_accuracy": [0.8448668122291565, 0.9145799875259399, 0.937798798084259, 0.9446278214454651, 0.9536762833595276, 0.9364898800849915, 0.9557250142097473, 0.9578875303268433, 0.9659116864204407, 0.9698383808135986], "val_loss": [0.4921260178089142, 0.2677134871482849, 0.19626912474632263, 0.1683083474636078, 0.14855776727199554, 0.2023637890815735, 0.14761745929718018, 0.14158238470554352, 0.11771664768457413, 0.10628887265920639]}